FactID,Date,ShipmentID,ShipmentTypeID,ShipmentStatusID,CountryID,Revenue,Profit,Orders,TotalVisitors,NewVisitors,CustomerCount
1,2025-04-13,1,1,2,5,7871,9980,655,4811,1145,5650
2,2026-03-12,2,1,1,7,18234,4371,30,6579,2093,27708
3,2025-09-28,3,1,2,2,22044,2306,643,7064,2050,5190
4,2025-04-17,4,3,2,5,15521,2004,79,13261,448,10789
5,2025-03-13,5,3,1,5,15642,3808,57,14735,1762,34125
6,2026-12-02,6,2,1,6,6132,7617,500,8175,1625,35159
7,2025-01-21,7,3,3,1,5699,5548,560,14013,1859,19459
8,2026-09-07,8,3,1,7,19534,8763,296,4552,2652,37418
9,2025-05-02,9,2,2,7,15230,2190,19,8547,1610,20768
10,2026-04-12,10,3,1,1,11297,3803,551,1107,1673,17563
11,2025-08-03,11,1,1,7,17839,3613,765,6596,316,29885
12,2025-11-27,12,1,2,8,12812,9574,283,10047,628,23885
13,2026-04-04,13,2,1,1,9557,8350,609,7788,1142,8895
14,2025-03-29,14,2,1,6,7179,6916,765,10863,1405,25958
15,2026-01-08,15,2,1,4,16030,2004,390,4008,2414,3531
16,2025-04-10,16,1,1,5,14065,9424,338,11289,2238,7481
17,2026-10-26,17,3,1,6,13275,4424,488,2903,1389,25932
18,2025-05-11,18,1,1,3,22806,9115,24,12057,1709,23360
19,2026-10-24,19,2,3,2,20089,4985,525,4479,2125,26829
20,2025-11-05,20,3,1,4,8180,8600,200,11675,2349,21932
21,2025-12-10,21,3,1,3,11696,9184,177,198,2749,17890
22,2026-05-07,22,1,1,5,14583,691,530,8488,190,20807
23,2026-02-18,23,2,2,7,21998,9190,630,10821,2491,13767
24,2026-01-21,24,1,1,1,18869,5417,146,977,1497,10071
25,2025-07-11,25,3,3,5,16757,6331,163,1968,923,28149
26,2025-10-04,26,1,1,6,21654,9948,397,2765,1567,17540
27,2025-06-10,27,1,1,2,17258,4822,218,1488,2123,37676
28,2026-04-05,28,2,1,6,7468,7499,281,2515,1054,6712
29,2025-11-10,29,2,1,4,19208,9508,152,8861,1645,28201
30,2025-01-22,30,3,1,4,20042,7782,620,2737,2441,21899
31,2025-09-10,31,1,1,2,20639,9778,78,7342,1648,21787
32,2026-07-15,32,1,2,8,16546,2374,256,9357,1592,22982
33,2026-04-20,33,1,1,3,17327,9562,270,8713,2096,24606
34,2025-02-28,34,3,1,3,19270,5263,797,2983,1318,12150
35,2026-05-26,35,3,1,4,20523,8964,88,1304,831,22393
36,2026-11-13,36,2,2,4,19300,9721,667,644,611,39259
37,2026-04-21,37,2,1,7,24991,1551,632,12458,1630,29750
38,2026-12-01,38,2,1,1,15775,8038,779,11931,794,10593
39,2025-07-09,39,1,1,7,17265,7911,614,1323,1221,19358
40,2026-11-18,40,1,2,7,24459,6820,534,3272,680,18607
41,2026-07-17,41,2,1,8,21673,2605,781,9059,1276,39381
42,2026-07-21,42,1,1,3,11614,807,630,6550,1106,26811
43,2025-09-01,43,2,2,8,8252,8237,339,11949,2536,30074
44,2026-05-20,44,3,2,8,12415,3859,198,14094,2007,22595
45,2025-05-11,45,2,1,2,21662,3676,104,6620,2618,28853
46,2026-04-30,46,3,2,3,16116,1751,626,754,110,10183
47,2026-10-09,47,1,1,1,21964,5866,17,6921,2571,22661
48,2025-01-21,48,2,1,6,9958,2017,76,2546,1789,38495
49,2025-06-16,49,1,1,4,9276,6726,505,5992,185,15703
50,2025-10-01,50,3,1,4,9776,5805,200,8512,247,32815
51,2026-01-23,51,3,1,1,22208,6369,375,3766,2967,31565
52,2026-08-24,52,3,2,8,8832,8539,777,4377,1132,24942
53,2025-11-12,53,1,1,7,19901,5391,530,4502,2928,35161
54,2025-01-14,54,1,1,2,10445,5492,126,2669,1987,11716
55,2025-08-30,55,1,1,8,6380,2461,276,5615,2552,35349
56,2025-12-12,56,1,2,4,14865,3363,620,9305,2013,2132
57,2026-07-19,57,3,1,5,18926,7103,494,10343,1547,5385
58,2025-12-06,58,3,1,7,24540,5067,518,4085,764,38538
59,2025-04-02,59,2,1,4,16580,7013,307,13235,2268,37036
60,2026-01-02,60,2,1,5,10634,4505,173,8267,1156,35743
61,2026-03-31,61,1,3,8,10810,9614,385,13191,1421,9213
62,2026-03-04,62,3,3,1,15179,683,662,7548,149,28119
63,2026-05-24,63,3,1,1,17251,8255,277,4410,550,4835
64,2025-02-04,64,3,3,7,18131,3858,558,3119,1424,4738
65,2025-07-25,65,2,1,4,24493,7115,83,3781,279,6134
66,2025-03-22,66,2,2,3,17707,7297,517,9735,1045,27892
67,2026-07-16,67,3,1,5,24624,9228,82,4296,1900,10353
68,2026-01-23,68,3,1,2,23233,8178,317,11302,515,17690
69,2025-01-02,69,3,1,4,7749,6198,208,672,1139,3909
70,2026-01-25,70,2,1,2,18156,1773,139,9624,2089,27703
71,2026-07-20,71,3,1,4,21589,7153,767,4853,1882,16496
72,2025-04-16,72,3,1,3,8450,1596,581,7182,1102,14062
73,2026-04-22,73,1,1,3,12214,9997,624,4102,822,11850
74,2026-12-04,74,1,2,7,16814,9607,496,5729,371,29701
75,2026-02-06,75,2,1,7,10141,8502,160,11426,1466,36731
76,2026-12-31,76,3,1,3,7708,4747,678,14044,938,7153
77,2026-07-10,77,3,3,6,23375,9720,215,12378,109,12481
78,2025-06-11,78,1,1,3,20088,5814,188,8517,1691,35734
79,2025-07-21,79,2,1,1,16834,3854,206,4300,2066,2889
80,2025-09-27,80,1,1,1,17278,770,744,2097,2754,21445
81,2025-09-28,81,1,2,6,15014,1686,98,9063,1062,8461
82,2026-04-01,82,1,1,8,8273,6805,443,7522,2519,30205
83,2026-04-07,83,1,1,5,19367,2898,797,4624,930,25351
84,2026-12-28,84,3,2,8,9538,7495,757,8725,2447,18006
85,2025-09-09,85,3,2,2,17541,7799,192,13618,641,12940
86,2026-12-03,86,1,1,8,13712,4682,218,11391,691,13258
87,2025-10-23,87,2,1,4,14168,2730,502,11021,2214,26485
88,2026-12-26,88,2,1,8,8551,7011,139,3507,2392,25763
89,2026-12-21,89,2,2,4,17297,628,674,6831,2317,3067
90,2025-12-04,90,2,1,6,15965,9961,22,7895,2139,22607
91,2025-02-22,91,1,1,1,7832,4172,643,11432,763,11018
92,2025-08-05,92,3,2,7,18422,5265,741,9157,1474,17187
93,2025-07-07,93,2,1,4,5152,4470,115,2893,729,39375
94,2026-01-15,94,1,1,1,16156,8045,384,7434,84,5985
95,2026-05-08,95,2,1,5,16108,6052,591,3011,1303,21563
96,2025-02-10,96,2,1,2,7800,1127,716,8052,1932,39306
97,2025-06-06,97,1,1,5,10310,7089,707,2515,2683,20608
98,2025-01-15,98,3,1,6,14944,2544,108,350,71,3726
99,2025-03-06,99,3,1,8,7610,2841,603,5051,883,28582
100,2026-06-05,100,1,1,8,17067,6384,596,8198,329,7791
101,2025-12-10,101,3,3,3,6104,8685,201,12049,2159,10458
102,2025-05-09,102,1,1,3,15728,749,334,5389,1462,19221
103,2026-10-10,103,1,3,3,12263,3425,735,8202,883,22968
104,2026-04-17,104,1,1,5,6914,5543,476,7357,1755,19070
105,2025-03-04,105,3,2,4,24456,1474,376,12948,2312,29937
106,2025-05-19,106,1,2,2,5406,7692,327,5665,1565,39415
107,2026-05-14,107,2,1,3,18689,9675,153,6537,2627,22802
108,2026-08-16,108,3,2,6,5166,9580,393,9210,121,12420
109,2026-01-27,109,3,2,6,5508,3172,225,1273,470,8642
110,2026-11-06,110,3,1,3,23045,7779,370,11495,2765,21775
111,2026-02-23,111,3,1,8,8664,8031,333,8724,896,30754
112,2025-10-16,112,2,1,3,24873,9162,24,14494,1125,6357
113,2026-01-14,113,3,2,2,18050,2487,226,13356,1085,23263
114,2026-05-05,114,3,2,3,5680,590,501,935,529,15201
115,2025-08-19,115,1,2,2,23908,9221,556,10538,821,4739
116,2025-02-10,116,3,1,6,23504,4559,192,2362,2293,15231
117,2025-01-28,117,2,2,3,9357,3273,279,9189,1934,23168
118,2025-05-15,118,2,1,5,6363,8883,476,11924,1614,34624
119,2025-07-20,119,2,1,7,14523,7909,621,4667,936,12635
120,2025-02-02,120,2,1,5,7292,4940,528,3915,566,11964
121,2025-02-17,121,3,1,6,6538,7847,551,346,2706,29785
122,2026-05-18,122,3,1,2,8408,1508,476,2529,2291,31510
123,2026-02-11,123,2,1,5,13752,4283,314,9282,1065,19261
124,2026-07-28,124,2,1,2,23287,7146,153,11602,588,21254
125,2026-12-29,125,3,1,5,5174,4798,120,9218,551,13392
126,2025-04-09,126,2,1,5,7230,5168,241,11730,2171,14336
127,2026-11-15,127,1,1,2,9287,4787,700,5387,2261,13939
128,2026-12-27,128,2,1,4,17112,2552,593,2707,1062,29412
129,2026-07-01,129,2,1,5,12106,6509,731,9366,2700,18676
130,2026-09-05,130,1,1,3,14689,2216,741,6030,483,11843
131,2026-04-07,131,1,1,7,17046,810,601,4122,2754,27112
132,2026-10-05,132,3,1,6,24555,5038,509,12091,2310,32598
133,2025-01-05,133,3,1,4,22951,1760,604,4884,914,37454
134,2025-08-06,134,1,1,2,6151,4432,563,14815,1955,35001
135,2026-05-18,135,1,1,4,12619,1084,282,6717,395,29228
136,2026-02-02,136,3,2,1,11033,8116,712,3251,71,16429
137,2026-01-28,137,2,1,1,13560,9051,182,11730,524,20758
138,2025-07-26,138,1,1,5,9946,3366,16,5680,439,4272
139,2025-01-15,139,3,1,5,6907,6398,164,7154,589,19350
140,2026-07-08,140,2,1,3,8490,2511,531,7806,1570,24538
141,2026-04-06,141,1,1,7,23919,6751,555,7719,1174,5400
142,2026-11-22,142,2,1,6,9173,5439,557,13347,2800,17371
143,2026-07-29,143,3,1,4,16065,4506,527,4673,1333,39310
144,2025-08-29,144,1,1,1,22677,2125,224,3591,2732,38291
145,2026-07-18,145,2,1,5,9769,1390,143,806,2368,20147
146,2025-04-06,146,1,2,8,9796,6578,294,7097,480,5291
147,2026-04-30,147,2,2,8,18046,7536,135,5333,1426,37256
148,2026-02-11,148,3,2,6,19211,9423,448,11356,1675,12892
149,2025-08-19,149,3,3,4,24356,4461,695,9045,1478,36326
150,2026-10-17,150,1,1,5,9997,3004,161,14938,818,39458
151,2025-06-20,151,2,1,5,22376,9306,340,5855,181,39207
152,2026-06-25,152,1,1,1,13112,4306,547,7060,2633,27995
153,2025-02-05,153,1,1,1,10287,6600,392,8879,40,7409
154,2026-06-09,154,2,2,5,15578,2219,124,1434,56,31823
155,2025-06-09,155,2,1,2,23624,7186,491,5688,139,9869
156,2026-11-30,156,2,2,5,22860,2087,293,1947,2409,37724
157,2025-08-31,157,3,1,6,11426,7500,84,6951,987,24401
158,2025-03-27,158,1,2,5,16599,1396,175,12226,1655,27958
159,2026-08-01,159,1,1,3,5389,6058,198,7311,1614,12766
160,2026-11-13,160,3,1,7,5999,8969,87,7965,67,21768
161,2026-07-11,161,2,1,3,17812,5147,611,12218,1139,32794
162,2026-07-28,162,3,1,3,20599,2932,697,3417,2869,28145
163,2026-10-08,163,3,1,2,6855,4404,30,12312,1363,12086
164,2025-01-28,164,3,1,2,13125,7337,575,11447,777,28442
165,2026-09-12,165,1,2,8,18794,1949,193,12594,692,18412
166,2026-07-10,166,3,1,5,7763,5000,231,10490,2018,27596
167,2025-12-06,167,1,1,3,9986,5954,337,6911,2343,12255
168,2025-11-27,168,1,1,2,6481,9924,188,14963,1800,25332
169,2026-10-02,169,1,2,1,8731,4617,797,264,1487,17764
170,2026-05-21,170,2,1,5,21835,9369,121,7160,895,29563
171,2025-12-14,171,1,1,6,24477,2528,745,10290,406,24139
172,2026-04-18,172,1,1,7,22266,7345,735,3157,1548,38370
173,2025-08-19,173,2,1,4,15758,4258,68,10376,2083,7062
174,2025-07-09,174,1,1,5,24661,6404,336,4528,322,9244
175,2025-08-13,175,3,1,4,21311,5124,630,502,2183,8372
176,2026-01-20,176,3,1,3,13566,9348,678,8705,1598,21965
177,2026-01-12,177,1,2,7,16889,665,200,8336,1231,18956
178,2025-10-10,178,2,1,4,16254,5091,209,6449,820,15894
179,2026-09-25,179,3,1,3,16442,1089,321,4257,2245,35382
180,2026-09-20,180,2,1,1,18521,5024,717,10759,2755,6050
181,2025-09-16,181,2,3,4,9559,3321,44,967,2867,18709
182,2025-12-25,182,3,1,7,21199,7009,388,13879,2773,17722
183,2026-12-11,183,2,2,8,12291,8193,396,8310,2042,17210
184,2026-04-01,184,3,1,5,13160,9954,767,464,1517,38545
185,2026-02-15,185,2,1,3,5112,571,246,7567,459,36489
186,2026-10-11,186,3,1,5,24581,4080,625,12124,2580,19733
187,2025-11-14,187,1,3,7,20924,8462,528,6671,1904,22080
188,2026-11-08,188,3,1,2,21523,768,292,13528,1387,38664
189,2025-08-13,189,3,2,3,6424,2962,10,679,2715,29250
190,2025-08-22,190,3,2,4,24333,9960,740,7774,606,22229
191,2026-11-15,191,3,1,3,24552,1515,473,8837,2157,18475
192,2026-10-26,192,2,1,5,15808,9775,239,14117,625,31011
193,2026-01-09,193,1,1,1,11043,8484,181,6568,957,10128
194,2026-11-03,194,3,1,3,11989,906,96,4250,1591,34450
195,2026-08-31,195,2,2,4,11261,7884,562,13165,565,20897
196,2026-04-17,196,1,2,2,5887,6549,132,3139,287,10168
197,2025-08-21,197,1,1,8,24488,6669,307,4237,2023,8861
198,2026-11-23,198,1,1,6,21433,8482,699,13708,500,15750
199,2025-04-23,199,1,2,1,24944,1485,584,12336,264,18988
200,2026-05-12,200,3,1,8,21402,4985,493,12618,2438,4979
201,2026-03-18,201,3,2,2,17253,9401,174,552,901,25524
202,2026-07-18,202,2,1,3,23990,3118,708,12253,551,9065
203,2025-09-25,203,2,1,5,12846,6789,392,6637,1297,39684
204,2026-05-25,204,2,1,7,11432,7428,218,13933,1643,25184
205,2026-01-21,205,1,1,5,18452,5868,748,1481,834,35365
206,2026-01-22,206,1,1,8,18395,5121,441,8254,2936,25704
207,2025-04-23,207,3,1,4,8765,8066,398,1567,1362,7622
208,2026-09-05,208,1,1,5,23822,5170,569,13539,290,20261
209,2026-09-17,209,1,2,1,20950,8158,233,2838,1308,30419
210,2025-03-22,210,1,2,5,17502,1503,12,7672,782,36467
211,2026-11-30,211,2,1,4,14741,8004,381,14827,2900,27605
212,2025-04-23,212,2,1,6,10941,2966,696,9508,2776,31171
213,2025-01-02,213,3,1,3,9855,2439,455,6847,337,24164
214,2026-10-04,214,1,1,7,20166,2135,620,980,2268,15796
215,2025-08-08,215,1,1,8,24145,8595,125,12106,2784,38854
216,2026-07-20,216,3,1,3,10788,6765,279,3249,932,33320
217,2025-08-13,217,1,1,5,5201,2395,456,8376,561,2665
218,2026-01-20,218,1,1,2,15561,7024,377,13441,2083,34694
219,2026-02-07,219,2,1,3,21901,1573,262,7992,2084,26230
220,2026-09-30,220,3,1,6,12737,5684,326,4244,711,24995
221,2025-05-10,221,3,3,5,6988,2902,424,1268,1929,28784
222,2025-02-22,222,3,1,7,20441,5395,104,12456,2739,16605
223,2026-11-15,223,3,1,4,16737,7831,794,3229,2470,19463
224,2026-12-31,224,2,1,6,19256,9843,33,3745,176,10419
225,2026-11-03,225,2,1,5,12162,2456,637,2626,178,35837
226,2026-12-11,226,1,2,6,18065,7523,672,11159,238,7263
227,2026-02-20,227,1,1,3,19114,4407,59,3616,2012,36131
228,2025-09-04,228,1,3,7,13399,1307,511,3467,376,39276
229,2026-03-15,229,1,1,4,10633,8878,727,14089,537,36523
230,2025-07-22,230,2,1,5,10755,5327,507,7438,800,2519
231,2025-07-03,231,3,2,1,15825,5024,344,13986,533,33106
232,2025-05-03,232,2,1,8,9117,9999,88,10486,1105,12514
233,2026-02-05,233,1,1,4,6518,2784,591,3655,1678,9233
234,2025-10-21,234,2,1,1,21346,5813,36,14257,2163,3102
235,2025-10-07,235,3,1,6,7600,1257,280,5211,2789,2597
236,2026-09-02,236,3,2,2,18237,5387,571,6852,1918,21657
237,2025-07-17,237,2,1,4,23579,4354,256,545,1315,8256
238,2026-05-26,238,2,1,6,8554,4058,785,6464,142,31401
239,2025-05-24,239,2,1,1,21193,1461,600,3726,2591,8554
240,2026-09-01,240,1,1,3,24233,4347,396,4116,2326,14664
241,2025-07-20,241,2,1,3,20253,7226,711,3975,2730,26386
242,2025-05-04,242,2,1,2,21194,4075,568,5597,1652,6846
243,2025-07-06,243,2,1,8,6742,9567,370,11629,2848,28205
244,2025-11-22,244,3,2,4,6306,2918,497,6338,1898,27570
245,2026-04-09,245,3,1,4,8849,4698,361,361,1780,32255
246,2025-12-15,246,1,1,4,17360,1501,710,10140,27,23182
247,2026-10-22,247,1,2,8,17768,5744,265,5092,1787,18043
248,2026-02-07,248,3,1,6,18032,7619,231,13482,126,37754
249,2025-12-12,249,3,1,7,9195,4566,762,4125,807,2400
250,2026-05-26,250,3,1,7,23939,3345,790,10558,2608,21239
251,2025-05-27,251,2,1,2,23689,9349,10,13944,2986,12416
252,2025-05-28,252,2,1,4,12619,5816,555,8383,1721,5412
253,2026-12-12,253,3,3,6,14280,922,455,4322,762,18440
254,2026-05-04,254,2,1,3,7642,7215,88,4275,2479,26406
255,2026-10-02,255,2,1,1,14369,4766,245,14235,1402,3875
256,2026-07-05,256,1,2,6,19296,8049,343,11601,2703,39066
257,2025-12-04,257,3,1,8,20438,6816,358,9274,2615,38536
258,2026-10-03,258,3,1,7,20674,3210,107,3543,2107,7752
259,2026-04-18,259,2,1,7,9757,9144,91,5111,687,23217
260,2025-05-31,260,3,3,3,7994,8569,511,10825,115,14489
261,2026-02-19,261,1,1,3,20226,2157,486,793,667,3353
262,2025-10-25,262,1,1,8,6271,3041,713,12412,1956,28986
263,2026-09-03,263,1,1,1,6813,7263,774,8447,1458,23371
264,2025-09-20,264,3,1,3,23845,3575,559,11880,1105,16691
265,2025-05-24,265,3,1,2,13475,3664,23,1912,997,6311
266,2025-12-12,266,3,1,1,9396,2553,401,13941,2899,12794
267,2026-09-16,267,3,2,3,14283,8979,356,14354,1818,4934
268,2026-07-26,268,3,1,5,18318,6237,319,14121,1792,18406
269,2025-01-02,269,1,1,6,22200,3717,395,13468,455,12394
270,2025-10-31,270,2,2,3,5082,1947,218,5824,1958,28872
271,2025-09-11,271,1,2,2,6920,6509,366,12406,2127,22800
272,2026-10-14,272,3,1,4,12817,1107,610,1507,2007,39909
273,2026-03-29,273,1,1,3,16683,5052,577,8132,2207,23352
274,2025-02-06,274,3,1,7,16336,2264,103,9508,783,38439
275,2025-06-09,275,3,3,7,20596,9917,102,14672,1571,30312
276,2025-01-09,276,1,2,7,7093,9927,349,1510,1685,17438
277,2025-08-21,277,3,1,4,17905,9721,606,3597,1132,25385
278,2025-04-09,278,2,2,7,13367,3171,454,4472,1311,20482
279,2026-10-21,279,3,1,5,10285,7019,766,7494,1596,34471
280,2025-07-27,280,2,1,3,15896,4462,31,13132,1696,15026
281,2025-05-11,281,2,1,8,9937,3677,300,651,953,21648
282,2026-02-08,282,3,2,7,21753,4222,494,11686,464,7435
283,2025-06-01,283,1,1,1,23202,5406,793,9468,1137,10493
284,2025-02-23,284,2,2,8,23485,7763,315,13026,955,8691
285,2025-04-30,285,1,2,4,17977,5554,643,4432,610,4763
286,2026-11-04,286,2,2,5,24874,1308,137,1097,2710,22389
287,2026-09-20,287,3,1,1,23163,9670,634,4176,734,33498
288,2026-08-10,288,3,1,1,12674,1225,282,14490,2290,38009
289,2026-09-17,289,2,1,1,22748,8201,451,6199,1427,37825
290,2026-02-24,290,3,1,1,8676,1716,512,5655,1534,18934
291,2026-02-26,291,2,1,8,7426,4551,139,11023,260,7574
292,2025-04-14,292,3,2,8,7962,2697,141,14544,1554,3587
293,2025-09-11,293,1,1,3,5859,3306,606,12229,88,13688
294,2025-08-15,294,3,1,7,17048,9470,491,4152,907,6409
295,2025-04-22,295,1,1,6,9138,1472,399,5403,2978,7783
296,2026-05-25,296,3,1,3,7424,6134,602,8218,790,35480
297,2026-04-18,297,1,1,3,15409,7983,334,13779,235,28751
298,2025-04-09,298,3,1,5,9017,2623,78,6202,1084,14041
299,2025-06-02,299,1,2,5,15451,9290,669,13609,1219,25227
300,2025-12-04,300,2,1,7,15278,724,457,5590,1067,37201
301,2026-12-07,301,2,3,6,15996,9532,537,8664,812,38069
302,2025-06-12,302,1,2,5,6134,2314,626,5716,751,18654
303,2026-12-21,303,3,1,7,10119,1606,174,2348,2188,28370
304,2026-11-12,304,1,2,7,10694,624,497,948,2689,31482
305,2025-06-10,305,3,1,8,9164,3746,722,10848,2895,13586
306,2026-08-03,306,2,2,2,23730,3431,718,13733,2816,7322
307,2026-02-02,307,3,1,8,10039,3471,435,10614,713,15932
308,2025-10-04,308,2,2,6,19631,2517,706,6454,2554,31299
309,2026-05-19,309,3,2,5,15442,7915,274,8795,1436,27179
310,2026-01-27,310,3,2,6,13252,2915,621,8170,2380,7257
311,2025-05-15,311,3,2,3,22721,3596,351,11481,624,11777
312,2025-07-14,312,1,1,3,22568,2109,735,8994,338,13249
313,2026-02-05,313,1,1,6,6551,1217,287,3725,1405,23390
314,2026-10-02,314,2,1,2,17625,4061,683,14477,1493,22369
315,2025-02-02,315,2,1,2,6629,9708,448,414,142,14881
316,2026-11-19,316,1,1,8,22910,7282,166,2476,844,11587
317,2026-04-05,317,2,1,6,6361,1548,431,9332,2708,30264
318,2026-04-15,318,1,3,5,9370,8807,260,4478,130,10791
319,2026-01-10,319,3,1,8,10283,8405,618,11282,2663,24375
320,2025-01-22,320,2,2,4,12610,6078,539,8549,1485,24611
321,2026-11-01,321,2,1,2,15558,2120,336,674,974,9833
322,2025-02-07,322,1,2,1,19924,7048,106,12961,138,17754
323,2025-08-18,323,2,2,8,19839,7881,522,13430,1608,14577
324,2025-12-31,324,2,1,3,16949,5280,225,9844,2086,33095
325,2026-07-17,325,3,1,8,15626,4292,141,12810,2779,23248
326,2026-03-14,326,2,2,6,6993,3441,269,5685,1557,37282
327,2025-10-10,327,3,1,1,5869,6195,134,5592,342,38737
328,2025-01-27,328,1,1,6,6014,6901,91,9049,1163,33891
329,2025-08-14,329,2,1,7,15103,9669,292,2910,1326,26124
330,2025-10-04,330,3,1,3,21986,6697,692,8234,1206,6566
331,2026-09-01,331,1,1,3,17013,5950,68,9396,1439,4196
332,2025-10-11,332,2,1,2,5690,9475,553,5770,365,33115
333,2026-04-26,333,1,1,8,21873,8932,170,7815,148,21859
334,2026-03-29,334,2,1,2,15748,6374,293,6667,1536,13345
335,2026-10-21,335,1,3,1,13024,2053,115,12816,1207,36077
336,2026-05-31,336,1,1,8,21678,1512,114,3559,38,2864
337,2026-07-01,337,3,3,7,10488,8878,448,6217,940,14055
338,2025-07-11,338,1,1,6,16035,2381,237,4092,2553,21747
339,2025-02-18,339,2,1,7,24296,7299,709,7937,1023,13978
340,2026-05-27,340,2,1,3,23257,5086,591,303,2712,26599
341,2025-01-17,341,3,1,1,17855,9122,327,14631,837,37771
342,2025-06-21,342,2,1,4,24642,8930,473,2875,360,19615
343,2025-08-08,343,2,1,1,7817,6947,608,10624,2611,31377
344,2025-06-07,344,2,1,5,9458,2845,481,2092,2034,32031
345,2026-04-22,345,1,1,1,10307,575,65,2343,308,13760
346,2025-02-15,346,1,1,7,13933,6377,634,8598,1753,35714
347,2026-01-08,347,2,1,5,23425,7285,22,1787,1875,27762
348,2026-06-02,348,3,1,5,22063,5422,449,4209,1225,36332
349,2025-04-09,349,1,2,8,15659,8590,27,1960,1705,6944
350,2025-02-06,350,3,1,8,10738,2830,703,10253,2121,15877
351,2025-10-07,351,2,1,5,10668,5186,122,5276,764,31990
352,2025-12-15,352,2,3,4,19427,2402,238,822,779,36076
353,2026-05-12,353,1,1,8,12697,5170,180,9071,1248,5258
354,2025-10-29,354,2,1,1,21446,7643,304,13621,843,33629
355,2025-06-30,355,1,3,7,12829,2559,198,8820,2223,39579
356,2026-08-30,356,2,1,1,15751,640,435,4993,1916,24958
357,2025-04-09,357,2,1,4,18450,2289,88,443,1574,22317
358,2026-12-01,358,1,1,3,12352,516,667,12078,1228,17775
359,2025-04-26,359,1,1,2,18516,964,191,11974,515,13039
360,2025-07-10,360,1,1,7,13326,4971,508,5498,1367,31097
361,2025-09-10,361,2,1,8,8644,2327,771,8500,2850,36207
362,2025-06-10,362,2,1,7,13003,9211,717,4836,2890,24553
363,2025-09-13,363,3,1,1,8278,6456,80,3506,1470,2055
364,2025-11-19,364,1,3,2,12296,589,257,9603,2915,25161
365,2025-05-08,365,2,2,6,8074,5315,155,10591,1426,34873
366,2025-01-18,366,2,1,6,18261,3351,627,11628,2863,37969
367,2026-07-20,367,1,1,8,16173,3343,784,14706,1182,17184
368,2026-07-24,368,3,1,4,13312,9617,305,10239,770,2669
369,2025-11-19,369,1,1,6,6637,7043,591,1019,842,14663
370,2026-11-17,370,3,1,7,18652,6401,479,5919,1438,27318
371,2026-09-18,371,2,1,6,10103,1469,515,2144,292,35734
372,2025-10-15,372,3,2,3,22028,1594,202,518,388,18691
373,2026-10-25,373,2,1,3,7032,6624,77,1849,207,20522
374,2026-10-01,374,1,1,8,7761,7847,503,11134,565,13656
375,2025-06-04,375,1,1,3,20195,3695,61,7478,365,17893
376,2026-05-05,376,1,1,6,23452,1904,372,13776,1573,18493
377,2026-01-21,377,3,2,4,21625,7440,483,1199,1050,5632
378,2025-04-14,378,2,2,5,7668,4790,530,3492,2696,32336
379,2026-01-28,379,1,2,5,19638,4482,772,2872,388,25112
380,2025-09-03,380,1,1,8,20954,6055,440,10772,689,15266
381,2025-06-25,381,2,1,2,22186,8454,307,14544,2563,18940
382,2025-02-08,382,1,1,5,17356,5213,444,6884,1789,26003
383,2026-04-22,383,2,1,5,5195,3592,705,1645,908,34872
384,2026-11-13,384,2,1,3,7187,4659,700,1170,85,36815
385,2026-06-22,385,2,2,3,16707,6808,207,6622,240,32869
386,2026-02-12,386,2,1,6,7330,7978,137,1950,1749,19257
387,2026-06-09,387,2,1,8,8606,8976,541,13507,971,18682
388,2026-05-21,388,3,1,2,5060,5433,420,5153,2359,21622
389,2025-02-05,389,1,1,8,19387,5426,74,12490,2783,32408
390,2026-11-16,390,3,1,1,8927,9879,703,3039,2272,10837
391,2025-01-20,391,1,3,7,11296,4469,250,13557,2126,17407
392,2025-11-17,392,3,2,2,18622,3465,378,10195,402,31309
393,2026-05-27,393,2,3,2,19125,4819,545,7294,1118,8382
394,2026-02-04,394,1,1,4,7591,9475,393,5951,276,29654
395,2026-10-16,395,1,1,8,17127,7608,440,6773,1102,20895
396,2026-04-16,396,3,1,6,20748,9641,92,778,620,35551
397,2025-05-23,397,3,1,4,11121,4439,706,14356,1380,23376
398,2025-04-02,398,1,2,2,6200,544,620,1088,1018,2370
399,2025-12-20,399,3,1,2,20721,2310,583,13493,971,2486
400,2026-12-28,400,3,1,2,24238,5066,295,10767,2785,25762
401,2025-02-20,401,3,1,5,16087,9521,543,9899,682,28613
402,2026-10-27,402,2,1,8,11972,2409,468,11161,2480,5196
403,2026-11-29,403,2,2,7,5136,6864,221,1602,1710,31401
404,2026-07-29,404,3,1,7,22413,3081,135,1889,2172,37029
405,2025-07-09,405,3,1,4,20346,1191,422,5381,2277,12813
406,2025-05-05,406,2,1,2,23978,1431,508,5127,40,10572
407,2025-05-30,407,2,1,7,5661,8410,434,1525,1376,30225
408,2025-11-10,408,1,2,3,7472,6882,563,13449,1410,34275
409,2026-07-24,409,1,2,8,5086,3906,619,14366,1163,8843
410,2025-12-08,410,2,3,7,15704,8839,552,6754,626,3105
411,2025-11-01,411,3,2,6,11219,1532,167,2540,548,33639
412,2026-11-23,412,3,1,8,21322,1811,121,10334,2796,20051
413,2026-11-13,413,3,1,6,19749,9079,411,6956,880,30708
414,2025-02-23,414,3,1,7,11968,3621,768,14929,110,37459
415,2026-03-20,415,1,1,3,24157,2373,131,7467,1422,13864
416,2026-09-05,416,2,2,6,18596,9607,282,9570,2749,36764
417,2025-09-21,417,3,1,5,6700,7281,303,13590,950,3425
418,2025-02-22,418,1,2,7,7700,4248,407,2694,350,8849
419,2026-07-26,419,3,1,5,16821,777,480,4789,2918,38015
420,2026-09-12,420,2,1,7,23031,2359,216,2536,1053,20976
421,2025-01-05,421,1,1,1,10520,6429,119,5617,47,36258
422,2025-04-13,422,2,2,1,16510,7292,449,12095,669,33113
423,2025-07-15,423,2,1,1,8687,5213,287,10497,2043,17401
424,2025-12-16,424,1,1,6,21980,5175,577,9319,1570,14884
425,2025-02-16,425,1,1,5,13837,1670,578,6410,1666,20824
426,2026-10-18,426,1,1,5,19955,9181,491,3639,2985,39563
427,2025-09-26,427,1,1,5,16281,9874,123,13347,1059,36414
428,2026-01-05,428,1,2,3,18917,5808,486,14844,463,18142
429,2026-09-28,429,1,1,5,9757,2962,719,3583,1714,7956
430,2025-04-16,430,1,1,3,18045,787,330,7471,1356,15928
431,2026-11-01,431,3,1,1,13912,6453,188,2341,2794,11721
432,2026-10-21,432,2,1,1,9733,4782,228,6478,828,13157
433,2026-10-19,433,1,2,6,12081,2407,798,2865,782,37135
434,2025-04-30,434,3,1,7,13690,1661,537,9465,22,8696
435,2026-08-27,435,3,1,1,6673,629,501,11522,2972,29862
436,2025-02-27,436,3,1,7,19318,6837,70,11642,930,7190
437,2025-12-12,437,2,3,7,16171,2863,63,5011,834,6663
438,2026-04-19,438,1,2,8,18545,8651,689,503,2428,6331
439,2025-04-27,439,3,1,6,16803,6483,547,13280,1324,30549
440,2025-05-07,440,2,1,2,7294,643,74,11017,2389,18246
441,2026-01-28,441,2,1,2,8630,8707,621,3482,2318,27761
442,2026-10-03,442,2,2,4,20093,7969,595,4263,2027,5262
443,2025-02-27,443,3,1,8,21530,744,713,7730,1238,9036
444,2026-09-26,444,1,1,6,19453,1426,180,187,706,24322
445,2026-05-28,445,3,1,4,17174,3678,282,14652,2744,21131
446,2025-04-06,446,3,1,4,8453,2676,708,14436,959,6677
447,2026-09-30,447,1,1,8,9507,5502,544,9450,2444,9972
448,2025-04-28,448,1,2,2,15602,1386,400,5916,2878,17329
449,2026-07-14,449,1,1,6,10628,9032,702,5570,2525,39032
450,2026-08-24,450,2,1,2,13328,3898,336,14575,1448,37901
451,2026-05-03,451,1,1,4,20534,8997,117,6376,78,22493
452,2025-08-25,452,3,3,6,24744,9599,171,5839,1791,20595
453,2025-09-29,453,1,1,4,24389,3154,461,4373,2257,23923
454,2025-07-08,454,3,2,5,8552,7892,215,11149,2273,11735
455,2026-12-05,455,2,1,8,21402,1871,599,9673,1979,36457
456,2026-03-23,456,3,1,7,7242,7635,25,6623,221,9727
457,2026-08-04,457,3,1,6,19665,820,336,5103,517,9764
458,2025-09-04,458,1,1,6,10097,5154,617,8138,2073,29599
459,2025-03-17,459,1,1,7,13640,5800,668,14885,1531,2818
460,2025-06-03,460,3,2,4,6948,7261,11,12973,2941,39289
461,2026-10-18,461,1,1,5,10618,7354,19,6706,341,35892
462,2026-03-11,462,2,1,3,9236,6005,443,13377,2774,7660
463,2025-03-27,463,2,1,7,6920,9823,134,13519,560,31521
464,2026-11-28,464,1,3,8,16169,7053,90,14557,1634,36470
465,2025-10-12,465,2,2,2,9188,4542,494,2164,951,20385
466,2025-08-08,466,1,1,4,17207,9509,661,5415,2313,25296
467,2025-03-10,467,3,3,7,5238,7998,159,10666,737,25616
468,2025-02-16,468,3,1,7,5204,7136,349,417,889,28382
469,2025-04-04,469,2,1,6,15799,7862,138,1602,2872,13139
470,2026-03-29,470,1,2,2,10552,511,447,6230,658,34060
471,2025-07-23,471,1,2,2,9927,694,760,7519,1009,24419
472,2025-08-06,472,2,1,8,16164,3037,510,2142,1531,29785
473,2026-04-19,473,3,1,2,9390,3342,67,4698,2528,17702
474,2026-03-08,474,2,1,7,24071,2729,207,10314,2747,31217
475,2025-12-07,475,3,2,3,20641,3509,220,218,1622,14397
476,2026-07-05,476,1,1,1,11160,8484,54,809,2757,37169
477,2026-09-04,477,3,1,4,20810,2577,106,3657,2564,28940
478,2025-10-16,478,2,1,1,10126,8345,288,12432,1019,30341
479,2025-09-11,479,1,1,7,5816,4367,544,12701,1560,12067
480,2025-12-23,480,2,1,1,18414,5373,419,3350,813,15824
481,2025-01-23,481,2,2,7,5192,9135,470,8161,2888,15444
482,2026-06-06,482,3,1,1,23160,797,400,8709,223,35307
483,2025-04-10,483,2,1,2,8645,6356,53,2703,178,12974
484,2025-06-29,484,3,1,5,17816,9536,36,12146,987,31290
485,2025-08-11,485,1,2,2,11314,1515,106,1201,1338,18016
486,2026-10-21,486,3,1,2,23172,1884,557,4521,155,34112
487,2026-03-18,487,1,1,8,12374,9245,630,7957,1808,30513
488,2026-08-31,488,3,2,6,8700,2850,576,11720,525,4956
489,2025-11-21,489,2,2,6,15655,1769,713,8277,462,10077
490,2026-05-31,490,3,2,1,20129,1760,228,13827,69,38490
491,2025-01-16,491,3,2,7,14359,8201,194,6182,537,39855
492,2025-12-02,492,1,1,8,8893,8876,78,6758,1033,36938
493,2025-09-15,493,2,2,2,11811,5063,139,2361,2531,38159
494,2026-05-12,494,3,1,8,14288,7397,576,8121,1574,20000
495,2025-06-09,495,2,2,1,24063,6172,618,12461,2814,15806
496,2026-04-20,496,3,2,6,5504,6093,608,11926,2839,14809
497,2026-10-26,497,3,2,5,14813,6655,640,13990,1112,16855
498,2026-11-21,498,2,1,4,19671,6043,729,608,442,31388
499,2026-11-06,499,3,1,1,15738,7740,343,2479,1186,8458
500,2026-01-15,500,2,1,8,16186,5183,163,11456,410,37524
501,2026-06-29,501,3,3,5,11773,2381,556,8979,2114,8853
502,2026-11-22,502,1,2,4,8816,9213,88,4852,2243,34222
503,2026-03-03,503,2,1,3,5717,4309,588,13930,2455,20320
504,2026-09-05,504,3,1,1,16676,6307,422,9584,614,30618
505,2025-09-25,505,3,1,1,9434,5383,555,5595,2845,19352
506,2026-07-31,506,1,2,3,22042,7706,618,12197,2215,9297
507,2026-02-21,507,2,2,3,10057,4655,178,11367,1820,29940
508,2025-06-17,508,3,1,1,9994,5173,690,3309,1473,5203
509,2025-02-12,509,1,1,3,9234,1909,672,7498,2646,39941
510,2026-07-10,510,3,2,2,8764,5697,592,6843,2523,19273
511,2025-10-12,511,2,2,4,16181,7952,524,5748,2503,27368
512,2026-02-01,512,3,1,4,9637,9218,323,5271,1783,13650
513,2025-01-12,513,3,1,4,7104,2672,41,7990,2858,32984
514,2026-08-30,514,3,1,2,14447,779,296,424,1563,9382
515,2025-10-29,515,3,1,7,15674,4477,603,13379,1106,2801
516,2025-09-10,516,1,1,3,23991,3169,52,10285,938,21733
517,2026-05-14,517,1,1,5,13385,8325,626,12268,1961,11969
518,2025-02-04,518,2,2,3,16999,4481,10,13104,1983,37969
519,2026-12-28,519,1,1,1,8719,5269,582,11062,2074,18733
520,2025-03-31,520,1,2,6,7581,5747,279,12664,1564,34449
521,2026-08-28,521,2,1,8,23949,4927,189,10875,2788,28143
522,2026-08-25,522,1,1,8,7763,6635,745,3657,335,27705
523,2026-02-22,523,1,1,4,10991,6073,527,3687,1004,30363
524,2025-04-25,524,2,1,3,15531,4631,112,251,622,32720
525,2026-09-09,525,2,2,5,24790,7689,19,1054,2603,11972
526,2025-07-15,526,2,3,1,16064,5035,592,13894,605,35351
527,2026-05-16,527,3,1,2,16312,3276,99,4454,930,38145
528,2026-09-18,528,3,1,7,9780,9811,235,10663,851,24412
529,2026-05-08,529,2,2,2,9177,8197,679,7260,1235,26078
530,2025-03-16,530,2,1,5,20169,8886,749,13256,353,24580
531,2026-02-17,531,2,1,1,11476,1162,135,9483,1886,16855
532,2026-01-11,532,3,2,4,23988,9171,218,787,868,38169
533,2026-02-24,533,3,1,3,7382,8544,106,8601,1433,21569
534,2026-12-30,534,1,1,1,21915,4718,83,9794,454,27738
535,2025-10-04,535,1,1,8,17508,5560,636,3227,1798,8772
536,2026-11-07,536,2,2,7,5634,6374,200,6863,231,26874
537,2026-01-29,537,3,1,2,16996,6081,691,12860,601,21731
538,2026-04-02,538,3,1,7,19162,2514,725,11659,1040,12131
539,2025-07-11,539,3,2,7,21386,4289,65,14896,1305,2788
540,2026-11-20,540,2,1,5,19005,9603,729,3495,1027,18184
541,2025-04-09,541,1,2,5,13397,7648,562,9105,2073,32897
542,2026-07-02,542,2,1,3,17327,8266,41,945,1457,4889
543,2025-04-06,543,1,3,5,19394,2864,536,1264,2055,11569
544,2026-10-26,544,1,1,5,7890,4129,583,13054,533,23657
545,2026-10-25,545,2,1,1,15858,6419,676,14697,2860,12141
546,2025-07-09,546,1,1,8,13026,6175,293,6004,2078,21656
547,2025-02-06,547,1,1,4,8306,9372,730,13831,2285,23618
548,2026-01-04,548,3,2,3,5897,7138,503,10059,1818,13934
549,2026-11-26,549,1,3,1,14277,5151,196,5460,1321,25286
550,2026-06-09,550,2,1,4,14471,1109,507,454,2866,9612
551,2025-10-06,551,2,1,7,19896,8440,451,1972,1316,34069
552,2025-08-05,552,1,2,1,20240,4366,139,2124,2461,18205
553,2025-09-30,553,3,2,6,19683,871,648,2917,1099,29331
554,2025-03-03,554,3,1,1,5670,7498,301,3932,1682,15934
555,2026-08-19,555,1,1,5,22889,1115,123,12567,446,12095
556,2026-12-30,556,1,1,4,16767,7411,208,8357,838,27958
557,2025-12-08,557,2,1,3,18006,6510,22,13207,2991,39008
558,2026-02-01,558,1,1,3,20768,2753,280,13759,268,20706
559,2026-11-30,559,3,1,4,21633,5442,610,12558,2013,33472
560,2025-01-19,560,1,1,5,6892,1364,224,12382,1999,36629
561,2025-06-26,561,2,2,2,8439,1768,453,10813,112,25004
562,2026-09-04,562,2,1,1,7854,7954,799,2681,1002,22431
563,2026-01-31,563,2,1,5,16577,9476,521,9682,778,36502
564,2026-03-21,564,2,1,6,16763,5071,456,9422,1134,33385
565,2025-08-21,565,2,1,8,16618,5729,724,2586,1231,6663
566,2025-03-17,566,1,1,7,13235,2737,83,9126,2870,14818
567,2025-09-22,567,1,1,4,24996,4554,546,8518,2283,24686
568,2026-03-31,568,1,1,8,7618,1435,110,11807,2520,25977
569,2026-12-19,569,1,1,1,8163,6894,185,12829,246,20454
570,2026-01-19,570,2,1,3,7942,8391,436,2543,1154,15358
571,2026-07-18,571,3,1,7,6925,825,126,9019,2563,8668
572,2026-05-21,572,1,2,8,7972,8274,175,13992,2871,11921
573,2026-01-02,573,3,1,2,16705,4361,50,14519,776,36959
574,2025-05-24,574,1,2,8,15640,2485,438,11978,2691,34328
575,2025-03-10,575,1,1,6,15966,5432,353,11914,1000,10859
576,2025-04-09,576,3,1,3,22374,5103,433,1136,2675,25970
577,2026-01-31,577,2,1,4,16138,3278,375,10124,1769,10872
578,2025-01-25,578,1,1,1,23196,9962,129,14236,2330,21230
579,2026-04-14,579,1,2,4,20935,9332,618,11032,2289,28708
580,2026-04-29,580,1,2,7,18145,8254,666,8784,2825,20847
581,2026-07-19,581,3,2,1,5489,4578,737,7535,505,29105
582,2025-05-31,582,2,1,5,16748,1867,238,1648,1057,6922
583,2025-05-24,583,3,1,2,24275,4542,139,9435,1736,6392
584,2026-07-23,584,3,1,5,8516,3075,361,5165,2559,15541
585,2025-02-08,585,2,1,5,24724,7254,327,6596,2082,21551
586,2025-04-19,586,3,1,4,11410,2081,658,6283,2345,21381
587,2026-11-24,587,2,1,7,5053,2486,346,4057,347,37995
588,2025-02-11,588,1,1,2,23959,2740,282,3507,1947,24948
589,2025-07-05,589,2,1,8,21999,4466,126,739,1827,28728
590,2026-02-02,590,1,2,1,10944,8104,377,272,146,4024
591,2025-08-11,591,3,3,1,12404,8820,103,5766,2565,18713
592,2026-09-26,592,3,2,6,5954,6468,177,4454,2284,4486
593,2025-05-13,593,1,1,3,15625,9543,724,4059,329,3155
594,2025-06-12,594,3,1,6,6629,7993,350,8808,1873,12082
595,2025-08-03,595,2,1,8,15973,4603,670,8814,925,39245
596,2025-08-23,596,1,2,6,11859,2576,704,10209,1215,20569
597,2026-10-20,597,3,1,1,13841,5731,161,2986,1907,9086
598,2026-08-11,598,1,1,4,15539,3494,595,2264,2143,4317
599,2025-01-09,599,2,2,5,17682,4244,283,14619,935,38389
600,2025-03-15,600,2,1,7,8278,6094,563,10221,2110,6491
601,2026-05-07,601,3,1,5,23945,8031,505,4045,2917,17916
602,2025-09-10,602,2,1,5,11539,7871,733,5335,2924,17248
603,2025-08-18,603,1,1,2,21754,2144,110,10501,1268,4511
604,2026-06-03,604,2,1,1,5857,3644,566,7846,1992,26226
605,2025-06-23,605,1,1,8,9886,742,91,12075,442,27025
606,2026-10-15,606,1,1,8,17945,4585,538,2690,1008,9848
607,2025-06-17,607,2,1,7,12485,8454,82,7854,2157,16274
608,2025-06-19,608,3,2,4,18680,7769,23,5034,999,32958
609,2026-01-28,609,2,1,2,21767,7630,442,4176,608,37233
610,2026-09-26,610,1,1,3,19397,7328,166,5285,2460,18304
611,2025-07-13,611,1,1,4,15744,8862,744,1193,405,13294
612,2026-06-01,612,2,2,6,9334,9344,141,3980,424,28425
613,2025-01-29,613,3,1,4,24109,6831,347,10786,948,5175
614,2025-06-14,614,3,1,4,17226,4012,413,6659,1646,29775
615,2026-02-26,615,1,2,5,18440,1999,385,10871,2734,11425
616,2025-12-05,616,1,2,4,20020,2658,568,10780,2520,28013
617,2026-10-10,617,3,1,8,9251,5662,116,2885,550,29928
618,2026-05-11,618,2,2,6,17180,4539,629,6165,1659,10210
619,2025-12-31,619,1,1,6,21140,2535,274,14899,1955,4759
620,2025-12-08,620,1,1,1,5922,8477,214,6639,93,18091
621,2026-05-15,621,3,1,4,24299,1357,88,11050,280,2002
622,2026-10-19,622,2,1,5,12957,4323,164,1674,2301,32160
623,2026-05-26,623,3,2,4,24430,7270,792,5776,397,22707
624,2025-11-23,624,2,1,3,20796,9741,256,14830,223,17248
625,2025-08-05,625,2,1,3,6230,798,540,10665,2875,7773
626,2025-10-28,626,2,2,5,15627,7744,547,8160,68,14786
627,2025-05-12,627,1,2,1,15006,1423,738,4090,1635,17037
628,2025-03-11,628,3,1,1,9933,4732,163,5310,2940,3885
629,2025-09-09,629,3,1,6,19295,4806,163,4945,852,18331
630,2026-02-19,630,2,1,6,21377,3299,695,9385,2981,24495
631,2026-03-21,631,1,2,2,5203,7078,101,1289,1537,15450
632,2025-07-01,632,1,1,5,21544,5375,442,2789,1739,11491
633,2025-06-16,633,3,3,4,20899,5826,347,4195,132,11268
634,2025-04-01,634,1,1,7,8748,7082,489,14649,1446,29757
635,2026-12-15,635,1,1,5,11718,2302,702,1975,1172,8791
636,2026-06-15,636,2,1,2,23965,3157,140,7868,2496,30314
637,2025-02-08,637,1,1,6,6093,3846,459,3506,571,30583
638,2025-05-06,638,2,1,5,20228,3449,796,10079,2175,23550
639,2026-03-27,639,3,2,5,21034,1441,282,14804,1747,2093
640,2025-06-22,640,1,1,6,10710,2407,597,4032,914,37755
641,2026-10-15,641,3,1,8,14732,5337,186,9899,404,11967
642,2025-08-08,642,3,2,2,24259,8605,705,12040,1736,18218
643,2026-09-30,643,1,1,6,8191,1743,652,8340,2933,10627
644,2025-02-27,644,1,2,1,23221,6196,58,13463,1726,6947
645,2026-10-22,645,3,1,4,5689,1966,576,5508,944,25178
646,2026-04-21,646,1,1,6,7103,4457,675,3961,1111,30876
647,2026-04-01,647,2,1,2,5365,2466,364,14037,1445,24908
648,2025-12-27,648,2,1,3,19010,875,721,7506,84,37912
649,2025-01-01,649,1,2,1,16767,762,317,10472,304,21971
650,2026-01-22,650,3,1,3,21103,4862,639,11338,30,34584
651,2025-12-14,651,1,1,7,17742,7002,784,2933,1048,10959
652,2025-07-09,652,1,1,6,17391,8333,55,5385,1244,30261
653,2026-05-20,653,3,1,1,9172,2393,311,9689,569,17835
654,2025-07-10,654,3,2,4,20623,8606,417,14808,1119,21257
655,2026-05-23,655,2,1,6,7378,2152,198,14216,1182,5346
656,2026-01-04,656,3,1,4,22589,6040,138,7745,381,32807
657,2026-02-13,657,2,3,8,17031,4392,570,12118,2037,32418
658,2025-04-27,658,3,1,5,10669,1099,546,12866,827,13340
659,2025-05-14,659,1,2,3,7735,5315,275,9123,1184,35012
660,2025-02-27,660,2,1,1,14867,2412,127,10989,1174,37393
661,2026-07-10,661,2,1,4,13490,9984,473,14002,1102,38617
662,2026-11-16,662,2,1,2,5956,9292,153,4877,1293,11597
663,2026-11-03,663,1,2,4,14306,9072,451,2835,2021,27557
664,2025-06-22,664,1,3,2,11623,4713,209,13711,855,9737
665,2025-05-29,665,1,1,6,19908,4137,166,8373,2001,19276
666,2025-03-21,666,1,1,1,22858,9790,496,8378,530,9310
667,2025-08-01,667,1,1,4,9460,6099,143,6468,380,37167
668,2025-07-22,668,2,1,7,18986,6948,157,10355,1452,39408
669,2025-08-17,669,1,1,4,17638,9057,345,921,110,21344
670,2026-11-07,670,2,3,8,24212,7882,80,7625,670,12391
671,2025-08-15,671,1,1,7,7850,9482,242,262,1691,12892
672,2026-10-21,672,3,1,1,18299,4069,343,7877,252,13197
673,2026-06-16,673,2,1,8,15698,8207,675,12031,2810,15050
674,2026-03-17,674,3,1,4,24348,1246,99,14949,521,38142
675,2026-02-06,675,2,1,2,9594,9004,343,10689,2906,15535
676,2025-02-16,676,3,1,4,19282,5133,208,2032,2612,7122
677,2025-08-21,677,1,2,3,21285,1420,170,11020,2283,11852
678,2025-11-01,678,1,1,6,19334,9769,547,3635,1551,7387
679,2026-06-10,679,1,1,5,11644,7508,130,14238,2271,33759
680,2025-05-23,680,2,1,2,7850,2881,310,6056,2775,39876
681,2026-02-19,681,3,2,3,19933,4118,733,3546,2124,36878
682,2026-05-28,682,1,2,7,5165,9489,584,13503,405,35725
683,2026-01-08,683,3,1,6,15701,4943,445,14616,621,9146
684,2026-07-20,684,3,2,1,5919,772,77,2890,1270,2560
685,2025-09-16,685,1,1,2,13305,2273,774,2807,1867,3312
686,2026-10-18,686,1,1,5,24888,3047,468,8059,779,20205
687,2026-04-16,687,3,1,6,22375,3664,523,14270,1432,13595
688,2025-01-12,688,1,1,7,20715,5280,407,4033,416,24030
689,2025-11-26,689,1,1,8,8839,1446,629,3485,2982,23329
690,2025-12-24,690,1,2,8,22642,1006,295,6736,1882,4651
691,2026-02-12,691,2,2,5,16618,7219,570,1022,1513,12006
692,2026-10-30,692,3,1,1,18519,8935,149,8189,2704,37645
693,2026-01-08,693,3,1,1,15776,9197,739,10467,2279,23966
694,2025-01-08,694,2,1,7,5067,6860,565,13837,1189,29846
695,2025-05-02,695,3,1,2,14788,8157,790,9874,663,23774
696,2025-12-14,696,1,1,7,10660,4090,599,664,2485,6083
697,2026-11-07,697,3,1,4,9478,1692,737,3358,1191,35513
698,2025-03-31,698,1,1,1,13210,1964,619,10889,986,10749
699,2026-10-10,699,2,2,6,15922,890,757,2600,1449,32783
700,2026-11-29,700,1,1,4,8521,6115,291,4666,2428,19325
701,2025-11-12,701,3,1,8,5572,6606,670,9279,1377,20680
702,2025-06-27,702,3,2,8,12082,9364,587,6981,2907,19323
703,2026-06-24,703,3,1,3,10395,3060,755,3736,2913,24684
704,2025-02-10,704,2,1,5,20407,6367,466,6130,238,36493
705,2026-12-05,705,2,1,4,23642,1711,96,323,2337,14213
706,2026-05-17,706,3,1,5,16094,9621,88,6397,1903,33831
707,2025-05-25,707,1,2,7,5650,2039,214,14995,1323,29713
708,2025-07-20,708,2,1,4,10741,9604,346,450,1080,9187
709,2026-12-25,709,3,1,7,18281,1143,263,7414,984,34800
710,2026-04-06,710,3,2,3,11838,9193,313,2028,1748,34583
711,2026-07-12,711,2,2,1,23971,9421,389,7843,767,16408
712,2026-07-01,712,2,2,8,8262,1783,139,8640,330,24369
713,2025-09-10,713,2,1,3,22722,8180,605,12569,2331,5414
714,2026-01-25,714,1,1,8,9996,7845,285,4832,565,21510
715,2026-08-17,715,1,3,1,16826,4886,708,1117,853,14120
716,2025-09-13,716,3,2,7,7827,1419,567,2326,1346,36311
717,2026-12-10,717,2,1,1,19211,2839,192,7306,1396,35039
718,2026-03-26,718,1,1,8,10232,9447,277,13159,677,7295
719,2025-01-10,719,2,1,8,7217,6430,331,7270,2437,22460
720,2025-08-30,720,3,2,5,24923,5902,521,13403,2768,16963
721,2025-09-08,721,1,1,6,19232,6163,621,6307,1952,13580
722,2025-01-05,722,1,1,3,19026,5775,87,12416,2014,24286
723,2025-04-29,723,1,1,4,24345,1007,793,2519,1940,29328
724,2026-01-09,724,3,1,8,24610,1936,348,6340,755,21093
725,2025-03-06,725,2,2,3,18878,9250,683,1993,684,23605
726,2025-05-26,726,1,1,5,11837,7854,565,13853,2173,8722
727,2025-08-12,727,3,2,1,12031,5016,518,5422,2662,38912
728,2025-08-27,728,2,3,5,19806,4122,247,11332,1075,8766
729,2025-06-26,729,3,1,2,8716,4899,143,10360,2436,17928
730,2025-10-09,730,2,1,2,8414,5537,201,7818,2523,23274
731,2025-03-04,731,3,1,4,22832,8611,365,6978,2337,36416
732,2025-08-05,732,2,2,5,5570,4215,287,1225,627,22612
733,2026-11-20,733,1,1,7,24288,8337,27,3217,2175,36898
734,2026-04-06,734,2,1,4,18288,1801,533,4261,2366,31047
735,2026-09-02,735,3,2,7,23889,7870,189,4142,2157,39134
736,2025-04-15,736,3,1,4,5917,5685,132,13522,2318,3506
737,2025-04-09,737,2,2,2,15066,2655,255,4533,1002,17222
738,2026-05-26,738,1,1,4,11982,6911,743,10462,1338,14363
739,2026-01-20,739,1,1,2,11336,6865,382,14116,1387,21613
740,2026-02-09,740,2,1,8,23062,1192,60,8738,295,32628
741,2026-06-02,741,2,2,1,21999,1978,80,2758,2385,6136
742,2026-04-21,742,3,1,7,14941,6896,489,11654,2120,13161
743,2026-12-10,743,1,2,5,17380,8948,569,11010,696,37457
744,2026-10-07,744,2,2,8,24889,941,28,3583,1315,25574
745,2026-03-13,745,1,1,8,16667,3146,783,3044,1474,28902
746,2025-01-23,746,2,3,4,9529,5709,93,12668,747,4810
747,2026-07-19,747,2,1,2,22519,7033,164,7310,2696,13663
748,2026-11-08,748,1,1,3,17192,5177,574,7753,2993,8152
749,2026-12-15,749,2,1,7,13566,7711,628,8887,1968,2012
750,2026-04-03,750,2,2,8,12226,3145,366,2086,1904,13162
751,2025-03-24,751,3,1,4,10162,8710,656,11042,2533,24322
752,2025-05-25,752,2,1,6,21590,9816,452,1174,1495,9999
753,2025-03-26,753,2,1,1,6319,8433,78,12261,2110,9219
754,2025-03-19,754,2,1,1,6141,5976,532,4405,2811,7328
755,2026-04-02,755,3,1,3,9627,8428,152,12513,495,5621
756,2025-01-01,756,1,2,2,19501,2580,201,12879,1523,26256
757,2025-02-20,757,3,2,4,7690,6589,396,11872,2011,13314
758,2026-11-16,758,3,1,7,12323,7896,387,3107,1397,2652
759,2026-12-18,759,1,3,2,8255,8297,590,1069,2466,18182
760,2026-03-22,760,3,1,1,10213,1361,544,8872,1040,38558
761,2026-03-25,761,1,3,2,9108,8846,702,2924,1775,17659
762,2026-05-03,762,3,1,1,24404,3994,302,14693,677,36413
763,2025-02-03,763,1,1,2,23241,1404,18,12293,1230,12435
764,2025-12-14,764,2,1,3,24173,1769,280,1311,844,30067
765,2025-04-05,765,3,2,5,14802,904,396,329,885,24258
766,2025-03-13,766,3,1,3,16413,9535,102,4384,2424,30287
767,2026-07-05,767,3,1,3,19995,1684,538,14445,1011,5688
768,2025-06-03,768,3,1,5,17583,9438,163,3285,259,9689
769,2025-09-07,769,2,1,5,10021,2225,414,601,1949,3379
770,2026-11-05,770,3,1,8,23771,8962,158,10424,1628,39011
771,2026-03-14,771,2,2,8,11582,6311,276,148,1273,29624
772,2025-04-28,772,2,2,4,18455,6106,431,3666,2437,27964
773,2025-11-02,773,2,1,7,18117,4456,627,3155,881,24891
774,2025-09-25,774,2,2,7,23950,671,481,8980,844,14516
775,2025-02-23,775,1,1,4,22359,8965,556,486,2832,15886
776,2025-08-24,776,1,2,3,6262,2806,640,1069,928,22307
777,2026-01-24,777,3,2,3,12382,9850,535,11752,1734,26843
778,2026-02-05,778,1,1,1,8327,921,512,9297,2512,7912
779,2026-09-16,779,1,2,1,23643,6040,23,14653,2423,23514
780,2025-10-30,780,3,1,7,15020,9901,787,5920,1323,23823
781,2025-07-26,781,3,1,4,22641,5175,661,14392,1907,30797
782,2025-08-17,782,3,2,6,21848,9582,373,3152,412,8449
783,2026-08-01,783,1,1,8,19062,7248,128,11709,2115,3725
784,2025-03-16,784,1,1,6,24678,6603,247,7497,2578,17870
785,2026-03-11,785,3,1,4,11774,1973,555,2402,1337,11304
786,2025-04-13,786,2,2,1,20160,3743,178,2383,1148,9522
787,2026-02-26,787,3,1,7,6230,2681,531,9899,219,15663
788,2026-12-05,788,2,1,7,14076,3596,643,14177,1074,6784
789,2025-11-02,789,2,2,1,8805,7146,666,4466,825,11472
790,2025-04-08,790,3,2,6,19715,6382,744,222,2230,30952
791,2025-12-01,791,3,1,2,10750,6482,778,6899,243,12055
792,2026-03-11,792,3,1,2,20627,6298,789,9572,802,31508
793,2026-03-23,793,1,1,1,18232,8915,525,3827,1917,14676
794,2025-11-04,794,2,1,2,8135,8911,406,13832,1623,27192
795,2025-09-06,795,1,1,5,11953,8956,115,8550,2850,26722
796,2025-06-15,796,1,2,4,6546,9645,94,9239,2176,9446
797,2026-04-26,797,3,1,4,20457,5024,223,14482,344,6725
798,2025-12-01,798,1,1,1,22478,7059,130,5058,1369,22061
799,2026-06-26,799,3,1,3,7411,8120,141,624,1649,24671
800,2025-04-16,800,2,2,8,24001,3274,206,9179,1107,3409
801,2026-07-17,801,3,1,6,19113,6173,28,8499,1224,10205
802,2025-03-22,802,1,3,1,9145,3624,651,11674,333,18365
803,2025-05-13,803,1,1,2,7775,9171,21,11086,1800,2256
804,2025-05-18,804,3,1,6,18193,1853,90,248,293,17704
805,2025-07-03,805,3,1,3,17851,9581,339,8101,222,31902
806,2026-02-05,806,1,1,2,18070,4354,783,537,1668,37758
807,2025-11-26,807,2,1,7,24539,8634,401,10494,1751,3195
808,2026-05-23,808,2,1,8,8970,1424,646,3849,938,36012
809,2025-03-10,809,3,1,5,19119,2670,316,11453,761,13415
810,2026-06-30,810,2,2,2,9331,6006,276,14109,1427,23686
811,2025-02-22,811,1,1,5,15295,2895,456,12193,2396,13662
812,2026-03-26,812,3,2,6,6942,8720,450,8286,1831,30743
813,2025-07-24,813,1,1,5,21575,8726,661,4553,1055,34161
814,2025-05-06,814,1,1,6,18404,6015,11,11537,1804,4402
815,2025-02-12,815,2,1,6,5861,3170,529,5436,1902,15275
816,2025-04-21,816,3,1,6,14275,3865,771,14318,114,30182
817,2026-10-25,817,3,1,6,22033,1088,660,4651,1499,16915
818,2025-07-02,818,2,1,6,9134,3638,645,2923,1492,2909
819,2025-04-05,819,1,1,2,16803,9595,318,5828,1465,2372
820,2026-01-09,820,1,1,6,20408,7163,749,13016,779,24620
821,2026-06-04,821,1,1,2,22420,4586,531,11562,2773,36112
822,2025-12-26,822,1,2,6,21351,9031,478,8777,2820,10515
823,2026-11-27,823,3,2,5,9131,4770,221,14968,1969,4431
824,2025-10-08,824,3,2,7,23532,6519,121,8491,2037,23054
825,2025-07-14,825,2,2,6,17057,1056,17,12758,388,34624
826,2025-07-14,826,2,1,3,16349,8522,486,13401,722,12585
827,2026-10-29,827,3,1,6,16486,5952,469,2082,1382,33958
828,2025-04-03,828,3,2,6,10457,4067,262,7096,234,3695
829,2026-11-03,829,1,1,5,11079,4399,535,9763,1747,36675
830,2025-03-02,830,1,1,8,17453,6977,761,12635,747,35787
831,2026-09-26,831,2,1,4,23814,8000,447,13175,245,3403
832,2025-02-20,832,3,1,5,23263,1516,763,2411,192,19810
833,2026-02-07,833,2,1,3,17158,6970,670,7325,721,10855
834,2025-01-05,834,3,2,4,20735,2562,245,11665,1902,12839
835,2026-04-11,835,1,1,1,20830,9530,315,10370,2501,2010
836,2026-08-27,836,2,1,1,20125,4821,487,9813,1898,11230
837,2026-11-13,837,2,3,8,16905,3996,688,13660,632,37771
838,2026-06-18,838,3,1,3,17298,2313,29,704,1269,31256
839,2026-02-09,839,1,1,5,7011,6756,225,8275,1160,27651
840,2026-05-28,840,2,1,2,8373,2813,144,12140,758,34383
841,2026-10-07,841,1,2,3,15335,1731,138,11634,2212,15662
842,2025-08-21,842,2,2,7,15692,6331,419,5885,2314,15739
843,2026-06-08,843,1,1,4,19527,3499,431,9709,2292,3789
844,2025-12-12,844,3,2,4,17773,3940,303,14208,2557,21420
845,2025-02-15,845,2,1,6,6289,4556,255,4697,2346,25761
846,2026-06-30,846,2,2,1,6447,805,710,7859,519,39606
847,2025-03-19,847,1,2,8,24583,2189,565,12167,1585,39067
848,2026-12-31,848,1,2,4,24567,4417,95,7632,1833,19357
849,2025-03-14,849,2,1,3,19139,7580,565,11225,2766,13317
850,2025-09-06,850,3,3,4,18757,9111,384,8840,794,23534
851,2025-02-16,851,1,2,8,10462,3436,455,13753,2951,27734
852,2025-05-01,852,1,1,8,24600,4362,387,938,2833,37897
853,2025-08-02,853,1,2,8,24520,6149,399,13818,2355,34872
854,2025-08-27,854,2,1,3,24702,3761,666,13836,146,9689
855,2025-02-25,855,2,2,2,24166,9856,60,3915,2433,5567
856,2025-12-16,856,2,1,6,12657,2319,251,947,2144,22732
857,2025-04-17,857,2,2,1,9920,1842,303,4809,1787,22774
858,2025-02-17,858,3,1,4,15345,6060,572,4607,1232,25195
859,2026-07-27,859,3,1,3,13417,2726,275,6675,2494,39412
860,2025-12-03,860,2,1,5,22160,1579,129,4873,1343,24257
861,2025-01-26,861,3,1,1,10208,4706,721,12546,1787,6394
862,2025-09-14,862,1,1,2,5687,6780,257,14449,1314,38302
863,2025-01-08,863,1,1,3,21913,7735,79,4568,773,24228
864,2026-09-17,864,1,1,7,18223,1313,66,10564,711,14388
865,2025-09-10,865,2,1,7,13080,5589,391,5292,2999,13319
866,2026-11-23,866,1,1,6,23537,2531,48,3420,161,8475
867,2026-12-20,867,3,2,6,14486,9014,452,10850,1335,33555
868,2025-10-30,868,2,1,2,11094,9595,27,4798,1311,20158
869,2026-10-01,869,3,2,2,12692,6411,741,4411,1721,16728
870,2025-02-25,870,1,2,6,16088,3153,765,10288,1041,31545
871,2026-12-27,871,1,1,4,8103,3840,361,3773,816,33100
872,2026-06-10,872,1,1,4,7440,8376,307,1664,244,18150
873,2026-04-19,873,2,2,3,12124,1641,292,12310,2732,35214
874,2025-01-28,874,3,1,5,22228,9541,595,1940,570,34876
875,2025-03-19,875,2,1,3,19031,9058,119,6158,1335,5239
876,2025-08-04,876,2,1,5,19536,3397,189,7231,47,38821
877,2026-01-21,877,1,2,2,5446,9781,553,11583,1169,32615
878,2025-12-31,878,2,1,1,8915,4541,755,11179,2879,15746
879,2026-10-28,879,2,1,3,20787,2538,34,826,430,22921
880,2026-06-10,880,1,3,3,24493,4770,747,9536,1252,24745
881,2026-11-30,881,2,2,5,22618,5183,66,11752,357,3245
882,2025-11-08,882,1,1,8,11587,994,189,6797,1841,26853
883,2025-01-07,883,1,1,2,5226,7616,241,12010,1579,29632
884,2025-01-03,884,1,2,2,16151,2284,352,9357,2805,14856
885,2026-09-15,885,1,1,7,10558,4010,486,13063,1928,7105
886,2025-12-29,886,2,1,8,16971,4286,585,382,2330,37690
887,2026-05-23,887,1,1,5,5186,5766,464,1181,1911,4513
888,2025-10-01,888,1,2,2,19680,9690,241,3985,2365,4801
889,2026-05-21,889,2,1,8,19559,5928,298,2981,1407,34345
890,2025-01-15,890,2,2,6,16069,7181,222,10876,2790,15895
891,2025-07-11,891,3,2,8,7535,7393,267,14296,1834,10221
892,2026-09-23,892,2,1,4,6932,5158,539,3070,2501,8038
893,2026-04-30,893,2,1,7,7032,7582,696,9444,1238,34031
894,2025-01-28,894,3,1,6,6252,7369,238,7085,414,17082
895,2026-12-15,895,2,1,1,10509,8107,235,11789,1731,16648
896,2025-02-08,896,2,1,3,10074,8169,605,1047,2910,2364
897,2025-09-30,897,2,2,7,18900,6719,444,4860,1230,36568
898,2025-08-19,898,2,1,1,19523,5034,767,10009,2835,16110
899,2025-03-27,899,3,2,3,6881,6479,411,13536,124,7958
900,2026-04-19,900,2,1,4,5269,9390,631,166,1686,11096
901,2025-05-06,901,2,1,8,6630,1812,775,14441,74,9436
902,2026-06-21,902,3,1,2,22958,3462,97,8928,1309,23177
903,2025-05-25,903,1,1,6,18383,3438,593,8605,834,28754
904,2026-06-09,904,3,2,5,21152,3697,551,11689,2296,26544
905,2025-07-31,905,1,1,6,16084,5796,693,664,2359,14638
906,2025-01-25,906,3,1,4,6695,7704,318,9893,1425,2179
907,2026-08-03,907,3,1,1,24642,6230,352,9117,978,5873
908,2026-01-29,908,2,1,5,19821,626,445,14941,378,19570
909,2025-03-08,909,1,1,2,8262,6102,186,13493,242,19157
910,2025-08-21,910,2,1,4,6445,1691,148,3770,2252,6460
911,2025-04-19,911,1,3,5,21436,3139,203,9317,916,2352
912,2025-05-26,912,3,1,4,14949,1866,195,2351,930,23586
913,2025-04-21,913,3,2,8,23050,9711,227,13049,698,7344
914,2025-08-16,914,1,1,4,11901,6953,173,904,186,6507
915,2025-04-21,915,2,1,2,24169,7171,170,10743,2274,39598
916,2026-04-15,916,2,1,7,5719,7183,534,4731,1044,34885
917,2025-02-03,917,2,1,3,13597,5039,610,9683,1479,18865
918,2026-09-15,918,2,1,5,11855,9376,51,1335,639,39055
919,2026-01-04,919,3,1,8,23678,3387,219,6820,173,29213
920,2026-08-18,920,3,1,2,13263,4586,750,12324,2110,6477
921,2026-07-08,921,3,1,4,19520,2761,284,11572,2275,8533
922,2026-03-01,922,3,1,8,16874,4680,288,7006,833,25396
923,2026-09-05,923,3,3,2,19079,3341,260,6116,2442,14755
924,2026-06-02,924,2,1,7,22082,6540,319,14552,65,2865
925,2026-11-23,925,2,1,8,12243,4060,729,13015,127,13173
926,2025-10-09,926,2,1,8,14018,5258,149,13136,2957,35371
927,2025-11-16,927,2,1,3,21732,1126,555,3649,807,13254
928,2026-03-19,928,3,1,6,17100,5514,539,12492,789,6018
929,2025-11-11,929,3,1,5,21691,1875,66,14930,2860,7192
930,2026-01-12,930,3,1,3,24800,1681,121,8038,2902,4015
931,2025-10-16,931,1,1,1,9820,6208,14,4241,1448,5380
932,2026-03-13,932,2,1,5,16001,990,419,7066,1903,30343
933,2026-10-24,933,2,1,3,18907,4229,423,9646,2912,5770
934,2025-10-04,934,3,1,4,24942,6474,191,5435,717,7829
935,2026-12-11,935,2,1,5,16669,4034,22,5177,1113,36381
936,2026-08-05,936,2,1,5,20916,3796,348,13347,31,17545
937,2026-05-18,937,3,2,2,15878,2440,268,5711,1510,20263
938,2026-09-16,938,1,1,4,7985,5514,99,10128,852,27675
939,2026-05-31,939,1,1,1,13112,2382,625,8189,1770,27362
940,2025-12-16,940,1,1,6,13467,5408,707,2992,1126,2148
941,2026-03-22,941,3,2,8,23931,3487,259,10788,201,3754
942,2025-12-16,942,2,1,7,5336,6085,264,10875,1028,28745
943,2026-08-30,943,3,1,3,15165,3659,597,10850,1136,9378
944,2026-10-26,944,3,1,2,24363,5030,117,5677,405,22140
945,2025-05-17,945,2,1,3,17768,1181,677,3718,2697,11371
946,2025-08-31,946,1,1,1,8968,5754,603,1659,1028,28999
947,2026-06-27,947,1,1,8,5910,1573,598,6783,576,14779
948,2025-02-09,948,3,2,1,23380,2887,494,1607,240,33075
949,2025-08-17,949,1,1,5,20632,3193,267,12363,883,32697
950,2026-07-02,950,3,2,7,21279,4840,648,2163,2631,11795
951,2025-08-11,951,3,3,1,8129,2656,291,3742,249,6218
952,2025-01-06,952,2,1,3,10447,8466,97,2100,99,39571
953,2025-11-18,953,2,1,4,11129,3080,213,14678,2289,13672
954,2026-04-13,954,2,1,4,10850,7757,25,14361,466,33042
955,2025-03-16,955,3,1,5,12446,2659,160,13299,2290,37950
956,2025-01-04,956,2,1,6,16949,7272,263,1394,363,13009
957,2026-10-08,957,1,2,3,13519,2127,197,4165,1014,21544
958,2025-04-28,958,1,2,3,5314,8719,338,14190,1366,31381
959,2026-08-29,959,3,1,1,16737,7580,553,11044,448,27287
960,2026-05-19,960,3,1,7,6134,2485,792,8114,1408,4586
961,2026-07-28,961,2,2,3,15938,8988,406,10045,354,4648
962,2026-03-17,962,3,3,2,20588,2681,526,12502,2721,20101
963,2025-07-13,963,3,2,6,13347,2796,468,1703,666,23692
964,2026-12-16,964,1,1,1,10592,7664,339,1422,2187,9407
965,2026-01-27,965,1,1,2,23108,3097,178,6056,2198,19254
966,2025-01-26,966,2,1,5,24727,1401,702,14832,2472,17234
967,2026-03-11,967,3,1,4,22270,6560,375,2541,1126,24211
968,2025-06-22,968,3,1,5,15997,9790,187,1198,635,31480
969,2025-10-27,969,1,1,4,5721,2177,664,5173,293,26846
970,2026-10-07,970,3,1,5,14104,3381,371,9797,1989,17321
971,2025-11-22,971,1,1,3,24741,6122,769,9418,1688,14646
972,2026-02-14,972,2,1,2,5870,8552,648,8588,232,24117
973,2025-04-28,973,1,1,4,11751,1878,784,11341,753,6893
974,2026-12-25,974,3,1,1,21881,1748,49,10517,472,11476
975,2025-08-13,975,2,1,2,6756,6150,425,14750,1578,19270
976,2026-06-16,976,1,1,1,6117,6579,364,13450,1715,23702
977,2025-04-23,977,1,2,2,16601,9956,264,12646,1173,6382
978,2025-05-20,978,2,1,2,7828,7536,152,3887,2414,3785
979,2026-07-13,979,2,1,5,19996,6987,761,14442,1746,13735
980,2025-01-01,980,1,1,4,23031,1558,749,2196,1056,32177
981,2025-03-31,981,3,2,4,18878,2548,719,11901,2916,32712
982,2026-10-16,982,1,1,7,11992,6615,586,2308,674,18679
983,2025-11-16,983,2,1,2,18778,4748,20,6088,1366,37365
984,2026-07-04,984,1,1,3,11771,2976,629,275,1024,19064
985,2025-05-19,985,2,1,3,21526,5103,35,7269,2142,32563
986,2026-05-26,986,2,1,1,24145,4053,430,13388,2678,35092
987,2025-09-16,987,3,1,1,8435,720,672,6114,1064,28867
988,2026-11-04,988,2,2,5,11622,5318,230,10794,1774,35754
989,2026-11-21,989,2,1,2,17852,7692,505,12291,2297,21502
990,2025-01-10,990,3,2,1,19806,5123,246,1767,1923,2760
991,2025-09-18,991,2,2,1,15623,7849,246,12663,372,26142
992,2026-10-12,992,3,1,6,6848,6118,228,10837,2879,19290
993,2025-06-21,993,3,2,2,7696,7709,496,8967,1422,7499
994,2025-01-13,994,2,1,8,6717,5076,470,1923,677,2364
995,2025-06-17,995,2,1,5,24456,2371,672,5247,1890,21797
996,2026-10-04,996,1,1,1,14259,8415,644,1456,1404,34535
997,2026-08-19,997,3,1,5,7786,1962,153,3172,108,18105
998,2025-11-17,998,1,1,4,19154,6021,198,3359,2104,9939
999,2025-11-15,999,2,1,5,18409,9036,264,6299,2896,15936
1000,2026-09-05,1000,1,1,8,8791,8736,77,646,431,17863
